origin,step,model,actual,pred,series
89,1,naive,357824.97000000003,147382.08000000002,paid
89,2,naive,110555.09,147382.08000000002,paid
89,3,naive,178299.63,147382.08000000002,paid
89,4,naive,204707.71,147382.08000000002,paid
89,1,seasonal_naive,357824.97000000003,182101.44,paid
89,2,seasonal_naive,110555.09,111248.71999999999,paid
89,3,seasonal_naive,178299.63,216396.77,paid
89,4,seasonal_naive,204707.71,168406.16999999998,paid
89,1,moving_avg_4w,357824.97000000003,117923.365,paid
89,2,moving_avg_4w,110555.09,117923.365,paid
89,3,moving_avg_4w,178299.63,117923.365,paid
89,4,moving_avg_4w,204707.71,117923.365,paid
89,1,holt_damped,357824.97000000003,132262.16245721446,paid
89,2,holt_damped,110555.09,132613.35615495357,paid
89,3,holt_damped,178299.63,132961.0379157153,paid
89,4,holt_damped,204707.71,133305.2428588694,paid
89,1,ridge_fourier,357824.97000000003,148717.47386450088,paid
89,2,ridge_fourier,110555.09,136609.8284338281,paid
89,3,ridge_fourier,178299.63,148376.78357273174,paid
89,4,ridge_fourier,204707.71,148465.55092055153,paid
89,1,hgb_lags,357824.97000000003,125715.84291427034,paid
89,2,hgb_lags,110555.09,93561.79163849249,paid
89,3,hgb_lags,178299.63,146905.47778359544,paid
89,4,hgb_lags,204707.71,136219.13263451232,paid
89,1,ensemble,357824.97000000003,165409.45693225044,paid
89,2,ensemble,110555.09,123929.27421691405,paid
89,3,ensemble,178299.63,182386.77678636587,paid
89,4,ensemble,204707.71,158435.86046027576,paid
90,1,naive,110555.09,357824.97000000003,paid
90,2,naive,178299.63,357824.97000000003,paid
90,3,naive,204707.71,357824.97000000003,paid
90,4,naive,168651.96,357824.97000000003,paid
90,1,seasonal_naive,110555.09,111248.71999999999,paid
90,2,seasonal_naive,178299.63,216396.77,paid
90,3,seasonal_naive,204707.71,168406.16999999998,paid
90,4,seasonal_naive,168651.96,151573.55,paid
90,1,moving_avg_4w,110555.09,177495.565,paid
90,2,moving_avg_4w,178299.63,177495.565,paid
90,3,moving_avg_4w,204707.71,177495.565,paid
90,4,moving_avg_4w,168651.96,177495.565,paid
90,1,holt_damped,110555.09,172856.54670077105,paid
90,2,holt_damped,178299.63,174065.68926452208,paid
90,3,holt_damped,204707.71,175262.74040263562,paid
90,4,holt_damped,168651.96,176447.821029368,paid
90,1,ridge_fourier,110555.09,140948.43894543772,paid
90,2,ridge_fourier,178299.63,152605.975886352,paid
90,3,ridge_fourier,204707.71,125410.96785622477,paid
90,4,ridge_fourier,168651.96,188324.3934835146,paid
90,1,hgb_lags,110555.09,210197.37040866626,paid
90,2,hgb_lags,178299.63,239406.0825904726,paid
90,3,hgb_lags,204707.71,149101.98363591736,paid
90,4,hgb_lags,168651.96,155147.67665163614,paid
90,1,ensemble,110555.09,126098.57947271885,paid
90,2,ensemble,178299.63,184501.37294317601,paid
90,3,ensemble,204707.71,146908.5689281124,paid
90,4,ensemble,168651.96,169948.9717417573,paid
91,1,naive,178299.63,110555.09,paid
91,2,naive,204707.71,110555.09,paid
91,3,naive,168651.96,110555.09,paid
91,4,naive,53691.69,110555.09,paid
91,1,seasonal_naive,178299.63,216396.77,paid
91,2,seasonal_naive,204707.71,168406.16999999998,paid
91,3,seasonal_naive,168651.96,151573.55,paid
91,4,seasonal_naive,53691.69,36013.18,paid
91,1,moving_avg_4w,178299.63,183260.73750000002,paid
91,2,moving_avg_4w,204707.71,183260.73750000002,paid
91,3,moving_avg_4w,168651.96,183260.73750000002,paid
91,4,moving_avg_4w,53691.69,183260.73750000002,paid
91,1,holt_damped,178299.63,164942.0728132922,paid
91,2,holt_damped,204707.71,166138.22983427497,paid
91,3,holt_damped,168651.96,167322.42528504788,paid
91,4,holt_damped,53691.69,168494.77878131307,paid
91,1,ridge_fourier,178299.63,151811.8118774643,paid
91,2,ridge_fourier,204707.71,126216.22252500626,paid
91,3,ridge_fourier,168651.96,191918.6858237097,paid
91,4,ridge_fourier,53691.69,137390.86085971724,paid
91,1,hgb_lags,178299.63,181320.9225924286,paid
91,2,hgb_lags,204707.71,141786.64457145947,paid
91,3,hgb_lags,168651.96,142453.22107365303,paid
91,4,hgb_lags,53691.69,98490.1218817444,paid
91,1,ensemble,178299.63,184104.29093873216,paid
91,2,ensemble,204707.71,147311.19626250313,paid
91,3,ensemble,168651.96,171746.11791185485,paid
91,4,ensemble,53691.69,86702.02042985862,paid
92,1,naive,204707.71,178299.63,paid
92,2,naive,168651.96,178299.63,paid
92,3,naive,53691.69,178299.63,paid
92,4,naive,92188.55,178299.63,paid
92,1,seasonal_naive,204707.71,168406.16999999998,paid
92,2,seasonal_naive,168651.96,151573.55,paid
92,3,seasonal_naive,53691.69,36013.18,paid
92,4,seasonal_naive,92188.55,155142.33,paid
92,1,moving_avg_4w,204707.71,198515.4425,paid
92,2,moving_avg_4w,168651.96,198515.4425,paid
92,3,moving_avg_4w,53691.69,198515.4425,paid
92,4,moving_avg_4w,92188.55,198515.4425,paid
92,1,holt_damped,204707.71,168094.35148777367,paid
92,2,holt_damped,168651.96,169278.7386390515,paid
92,3,holt_damped,53691.69,170451.28191881656,paid
92,4,holt_damped,92188.55,171612.09976578396,paid
92,1,ridge_fourier,204707.71,124531.8962473069,paid
92,2,ridge_fourier,168651.96,191415.3990371998,paid
92,3,ridge_fourier,53691.69,134361.4216907319,paid
92,4,ridge_fourier,92188.55,159173.93254196225,paid
92,1,hgb_lags,204707.71,145811.95974231116,paid
92,2,hgb_lags,168651.96,142170.33384892019,paid
92,3,hgb_lags,53691.69,95415.38119815043,paid
92,4,hgb_lags,92188.55,139241.48015990836,paid
92,1,ensemble,204707.71,146469.03312365344,paid
92,2,ensemble,168651.96,171494.4745185999,paid
92,3,ensemble,53691.69,85187.30084536594,paid
92,4,ensemble,92188.55,157158.1312709811,paid
93,1,naive,168651.96,204707.71,paid
93,2,naive,53691.69,204707.71,paid
93,3,naive,92188.55,204707.71,paid
93,4,naive,104401.98,204707.71,paid
93,1,seasonal_naive,168651.96,151573.55,paid
93,2,seasonal_naive,53691.69,36013.18,paid
93,3,seasonal_naive,92188.55,155142.33,paid
93,4,seasonal_naive,104401.98,202663.31,paid
93,1,moving_avg_4w,168651.96,212846.85,paid
93,2,moving_avg_4w,53691.69,212846.85,paid
93,3,moving_avg_4w,92188.55,212846.85,paid
93,4,moving_avg_4w,104401.98,212846.85,paid
93,1,holt_damped,168651.96,174640.51118413534,paid
93,2,holt_damped,53691.69,175813.57991920746,paid
93,3,holt_damped,92188.55,176974.91796692886,paid
93,4,holt_damped,104401.98,178124.64263417304,paid
93,1,ridge_fourier,168651.96,190598.90526798987,paid
93,2,ridge_fourier,53691.69,137411.99341270403,paid
93,3,ridge_fourier,92188.55,154890.03946229437,paid
93,4,ridge_fourier,104401.98,166492.31844282665,paid
93,1,hgb_lags,168651.96,148065.29849018785,paid
93,2,hgb_lags,53691.69,109605.10311114,paid
93,3,hgb_lags,92188.55,146583.93875689784,paid
93,4,hgb_lags,104401.98,193780.45466526953,paid
93,1,ensemble,168651.96,171086.22763399495,paid
93,2,ensemble,53691.69,86712.58670635201,paid
93,3,ensemble,92188.55,155016.1847311472,paid
93,4,ensemble,104401.98,184577.81422141334,paid
94,1,naive,53691.69,168651.96,paid
94,2,naive,92188.55,168651.96,paid
94,3,naive,104401.98,168651.96,paid
94,4,naive,245840.96,168651.96,paid
94,1,seasonal_naive,53691.69,36013.18,paid
94,2,seasonal_naive,92188.55,155142.33,paid
94,3,seasonal_naive,104401.98,202663.31,paid
94,4,seasonal_naive,245840.96,295158.77,paid
94,1,moving_avg_4w,53691.69,165553.59749999997,paid
94,2,moving_avg_4w,92188.55,165553.59749999997,paid
94,3,moving_avg_4w,104401.98,165553.59749999997,paid
94,4,moving_avg_4w,245840.96,165553.59749999997,paid
94,1,holt_damped,53691.69,174936.59811178313,paid
94,2,holt_damped,92188.55,176097.8502150261,paid
94,3,holt_damped,104401.98,177247.4897972366,paid
94,4,holt_damped,245840.96,178385.63298362502,paid
94,1,ridge_fourier,53691.69,138034.42402103147,paid
94,2,ridge_fourier,92188.55,154639.338094831,paid
94,3,ridge_fourier,104401.98,167056.89272347785,paid
94,4,ridge_fourier,245840.96,191469.97884861543,paid
94,1,hgb_lags,53691.69,145137.08341121394,paid
94,2,hgb_lags,92188.55,147449.7123568163,paid
94,3,hgb_lags,104401.98,177687.6192228947,paid
94,4,hgb_lags,245840.96,204585.51549750587,paid
94,1,ensemble,53691.69,87023.80201051573,paid
94,2,ensemble,92188.55,154890.8340474155,paid
94,3,ensemble,104401.98,184860.10136173893,paid
94,4,ensemble,245840.96,243314.37442430772,paid
95,1,naive,92188.55,53691.69,paid
95,2,naive,104401.98,53691.69,paid
95,3,naive,245840.96,53691.69,paid
95,4,naive,251732.8,53691.69,paid
95,1,seasonal_naive,92188.55,155142.33,paid
95,2,seasonal_naive,104401.98,202663.31,paid
95,3,seasonal_naive,245840.96,295158.77,paid
95,4,seasonal_naive,251732.8,243731.16999999998,paid
95,1,moving_avg_4w,92188.55,151337.7475,paid
95,2,moving_avg_4w,104401.98,151337.7475,paid
95,3,moving_avg_4w,245840.96,151337.7475,paid
95,4,moving_avg_4w,251732.8,151337.7475,paid
95,1,holt_damped,92188.55,154106.88042843345,paid
95,2,holt_damped,104401.98,154627.59577019856,paid
95,3,holt_damped,245840.96,155143.103958546,paid
95,4,holt_damped,251732.8,155653.45706500998,paid
95,1,ridge_fourier,92188.55,155130.2180617577,paid
95,2,ridge_fourier,104401.98,168262.76237493518,paid
95,3,ridge_fourier,245840.96,199682.7761554088,paid
95,4,ridge_fourier,251732.8,137641.04480553453,paid
95,1,hgb_lags,92188.55,136040.26018767178,paid
95,2,hgb_lags,104401.98,183059.22554030517,paid
95,3,hgb_lags,245840.96,199758.09910305054,paid
95,4,hgb_lags,251732.8,150510.60226369344,paid
95,1,ensemble,92188.55,155136.27403087885,paid
95,2,ensemble,104401.98,185463.03618746757,paid
95,3,ensemble,245840.96,247420.77307770442,paid
95,4,ensemble,251732.8,190686.10740276726,paid
96,1,naive,104401.98,92188.55,paid
96,2,naive,245840.96,92188.55,paid
96,3,naive,251732.8,92188.55,paid
96,4,naive,170149.82,92188.55,paid
96,1,seasonal_naive,104401.98,202663.31,paid
96,2,seasonal_naive,245840.96,295158.77,paid
96,3,seasonal_naive,251732.8,243731.16999999998,paid
96,4,seasonal_naive,170149.82,86154.5,paid
96,1,moving_avg_4w,104401.98,129809.9775,paid
96,2,moving_avg_4w,245840.96,129809.9775,paid
96,3,moving_avg_4w,251732.8,129809.9775,paid
96,4,moving_avg_4w,170149.82,129809.9775,paid
96,1,holt_damped,104401.98,145478.8371609747,paid
96,2,holt_damped,245840.96,145913.02086936956,paid
96,3,holt_damped,251732.8,146342.8627406805,paid
96,4,holt_damped,170149.82,146768.40619327826,paid
96,1,ridge_fourier,104401.98,168620.01306895106,paid
96,2,ridge_fourier,245840.96,203193.4889920298,paid
96,3,ridge_fourier,251732.8,141844.70195715906,paid
96,4,ridge_fourier,170149.82,154865.94110089683,paid
96,1,hgb_lags,104401.98,179244.29293664012,paid
96,2,hgb_lags,245840.96,209577.4012112643,paid
96,3,hgb_lags,251732.8,166827.9845869431,paid
96,4,hgb_lags,170149.82,147025.27333500815,paid
96,1,ensemble,104401.98,185641.6615344755,paid
96,2,ensemble,245840.96,249176.1294960149,paid
96,3,ensemble,251732.8,192787.9359785795,paid
96,4,ensemble,170149.82,120510.22055044842,paid
97,1,naive,245840.96,104401.98,paid
97,2,naive,251732.8,104401.98,paid
97,3,naive,170149.82,104401.98,paid
97,4,naive,134455.87,104401.98,paid
97,1,seasonal_naive,245840.96,295158.77,paid
97,2,seasonal_naive,251732.8,243731.16999999998,paid
97,3,seasonal_naive,170149.82,86154.5,paid
97,4,seasonal_naive,134455.87,160237.43,paid
97,1,moving_avg_4w,245840.96,104733.545,paid
97,2,moving_avg_4w,251732.8,104733.545,paid
97,3,moving_avg_4w,170149.82,104733.545,paid
97,4,moving_avg_4w,134455.87,104733.545,paid
97,1,holt_damped,245840.96,139843.6994262521,paid
97,2,holt_damped,251732.8,140219.59032660513,paid
97,3,holt_damped,170149.82,140591.72231795467,paid
97,4,holt_damped,134455.87,140960.13298939067,paid
97,1,ridge_fourier,245840.96,202380.65665414627,paid
97,2,ridge_fourier,251732.8,143124.46396378442,paid
97,3,ridge_fourier,170149.82,160088.7167520643,paid
97,4,ridge_fourier,134455.87,161500.59449855375,paid
97,1,hgb_lags,245840.96,223182.99191697303,paid
97,2,hgb_lags,251732.8,184832.96052778463,paid
97,3,hgb_lags,170149.82,163406.28903498294,paid
97,4,hgb_lags,134455.87,179481.98117229258,paid
97,1,ensemble,245840.96,248769.71332707314,paid
97,2,ensemble,251732.8,193427.81698189222,paid
97,3,ensemble,170149.82,123121.60837603215,paid
97,4,ensemble,134455.87,160869.01224927686,paid
98,1,naive,251732.8,245840.96,paid
98,2,naive,170149.82,245840.96,paid
98,3,naive,134455.87,245840.96,paid
98,4,naive,134108.33000000002,245840.96,paid
98,1,seasonal_naive,251732.8,243731.16999999998,paid
98,2,seasonal_naive,170149.82,86154.5,paid
98,3,seasonal_naive,134455.87,160237.43,paid
98,4,seasonal_naive,134108.33000000002,151501.35,paid
98,1,moving_avg_4w,251732.8,124030.79499999998,paid
98,2,moving_avg_4w,170149.82,124030.79499999998,paid
98,3,moving_avg_4w,134455.87,124030.79499999998,paid
98,4,moving_avg_4w,134108.33000000002,124030.79499999998,paid
98,1,holt_damped,251732.8,155881.24243379603,paid
98,2,holt_damped,170149.82,156392.59284452014,paid
98,3,holt_damped,134455.87,156898.829751137,paid
98,4,holt_damped,134108.33000000002,157400.0042886877,paid
98,1,ridge_fourier,251732.8,142664.00900517378,paid
98,2,ridge_fourier,170149.82,160387.20899068078,paid
98,3,ridge_fourier,134455.87,158645.40043561836,paid
98,4,ridge_fourier,134108.33000000002,188820.87970566325,paid
98,1,hgb_lags,251732.8,205080.7201076515,paid
98,2,hgb_lags,170149.82,158160.77437836802,paid
98,3,hgb_lags,134455.87,189437.31869042251,paid
98,4,hgb_lags,134108.33000000002,178036.5027807855,paid
98,1,ensemble,251732.8,193197.58950258687,paid
98,2,ensemble,170149.82,123270.85449534039,paid
98,3,ensemble,134455.87,159441.41521780918,paid
98,4,ensemble,134108.33000000002,170161.11485283164,paid
99,1,naive,170149.82,251732.8,paid
99,2,naive,134455.87,251732.8,paid
99,3,naive,134108.33000000002,251732.8,paid
99,4,naive,199531.47,251732.8,paid
99,1,seasonal_naive,170149.82,86154.5,paid
99,2,seasonal_naive,134455.87,160237.43,paid
99,3,seasonal_naive,134108.33000000002,151501.35,paid
99,4,seasonal_naive,199531.47,203472.86,paid
99,1,moving_avg_4w,170149.82,173541.0725,paid
99,2,moving_avg_4w,134455.87,173541.0725,paid
99,3,moving_avg_4w,134108.33000000002,173541.0725,paid
99,4,moving_avg_4w,199531.47,173541.0725,paid
99,1,holt_damped,170149.82,174790.048690385,paid
99,2,holt_damped,134455.87,175893.91186327435,paid
99,3,holt_damped,134108.33000000002,176986.73640443478,paid
99,4,holt_damped,199531.47,178068.6327001836,paid
99,1,ridge_fourier,170149.82,162271.11256241705,paid
99,2,ridge_fourier,134455.87,154816.7581522503,paid
99,3,ridge_fourier,134108.33000000002,176022.78684504726,paid
99,4,ridge_fourier,199531.47,181782.81746272277,paid
99,1,hgb_lags,170149.82,184872.87555290738,paid
99,2,hgb_lags,134455.87,140834.1259608005,paid
99,3,hgb_lags,134108.33000000002,186637.12399205912,paid
99,4,hgb_lags,199531.47,149732.95334317264,paid
99,1,ensemble,170149.82,124212.80628120853,paid
99,2,ensemble,134455.87,157527.09407612513,paid
99,3,ensemble,134108.33000000002,163762.06842252362,paid
99,4,ensemble,199531.47,192627.83873136138,paid
100,1,naive,134455.87,170149.82,paid
100,2,naive,134108.33000000002,170149.82,paid
100,3,naive,199531.47,170149.82,paid
100,4,naive,146871.94,170149.82,paid
100,1,seasonal_naive,134455.87,160237.43,paid
100,2,seasonal_naive,134108.33000000002,151501.35,paid
100,3,seasonal_naive,199531.47,203472.86,paid
100,4,seasonal_naive,146871.94,64474.99,paid
100,1,moving_avg_4w,134455.87,193031.39,paid
100,2,moving_avg_4w,134108.33000000002,193031.39,paid
100,3,moving_avg_4w,199531.47,193031.39,paid
100,4,moving_avg_4w,146871.94,193031.39,paid
100,1,holt_damped,134455.87,175214.3825382956,paid
100,2,holt_damped,134108.33000000002,176307.14048537973,paid
100,3,holt_damped,199531.47,177388.970852993,paid
100,4,holt_damped,146871.94,178459.9829169301,paid
100,1,ridge_fourier,134455.87,155101.8457506297,paid
100,2,ridge_fourier,134108.33000000002,175665.53633149847,paid
100,3,ridge_fourier,199531.47,180820.46440152958,paid
100,4,ridge_fourier,146871.94,206682.759954747,paid
100,1,hgb_lags,134455.87,138398.81150298443,paid
100,2,hgb_lags,134108.33000000002,152564.47254307222,paid
100,3,hgb_lags,199531.47,137092.63820828192,paid
100,4,hgb_lags,146871.94,178383.9471160803,paid
100,1,ensemble,134455.87,157669.63787531486,paid
100,2,ensemble,134108.33000000002,163583.44316574925,paid
100,3,ensemble,199531.47,192146.66220076478,paid
100,4,ensemble,146871.94,135578.8749773735,paid
89,1,naive,97.0,90.0,claims
89,2,naive,93.0,90.0,claims
89,3,naive,92.0,90.0,claims
89,4,naive,101.0,90.0,claims
89,1,seasonal_naive,97.0,89.0,claims
89,2,seasonal_naive,93.0,71.0,claims
89,3,seasonal_naive,92.0,82.0,claims
89,4,seasonal_naive,101.0,95.0,claims
89,1,moving_avg_4w,97.0,85.0,claims
89,2,moving_avg_4w,93.0,85.0,claims
89,3,moving_avg_4w,92.0,85.0,claims
89,4,moving_avg_4w,101.0,85.0,claims
89,1,holt_damped,97.0,83.30524508245097,claims
89,2,holt_damped,93.0,83.19802505009062,claims
89,3,holt_damped,92.0,83.09134111789209,claims
89,4,holt_damped,101.0,82.98519060535455,claims
89,1,ridge_fourier,97.0,82.01857350322419,claims
89,2,ridge_fourier,93.0,85.64223955976638,claims
89,3,ridge_fourier,92.0,92.95857540076437,claims
89,4,ridge_fourier,101.0,91.18365976692999,claims
89,1,hgb_lags,97.0,79.8466899967997,claims
89,2,hgb_lags,93.0,79.64888539657707,claims
89,3,hgb_lags,92.0,88.76811745392784,claims
89,4,hgb_lags,101.0,86.86817480936818,claims
89,1,ensemble,97.0,85.5092867516121,claims
89,2,ensemble,93.0,78.32111977988319,claims
89,3,ensemble,92.0,87.47928770038219,claims
89,4,ensemble,101.0,93.091829883465,claims
90,1,naive,93.0,97.0,claims
90,2,naive,92.0,97.0,claims
90,3,naive,101.0,97.0,claims
90,4,naive,91.0,97.0,claims
90,1,seasonal_naive,93.0,71.0,claims
90,2,seasonal_naive,92.0,82.0,claims
90,3,seasonal_naive,101.0,95.0,claims
90,4,seasonal_naive,91.0,95.0,claims
90,1,moving_avg_4w,93.0,87.0,claims
90,2,moving_avg_4w,92.0,87.0,claims
90,3,moving_avg_4w,101.0,87.0,claims
90,4,moving_avg_4w,91.0,87.0,claims
90,1,holt_damped,93.0,87.82917236017084,claims
90,2,holt_damped,92.0,87.75676616944078,claims
90,3,holt_damped,101.0,87.68472200966437,claims
90,4,holt_damped,91.0,87.61303807068686,claims
90,1,ridge_fourier,93.0,85.60236151457781,claims
90,2,ridge_fourier,92.0,92.362839024781,claims
90,3,ridge_fourier,101.0,92.28630340409795,claims
90,4,ridge_fourier,91.0,95.32797487688916,claims
90,1,hgb_lags,93.0,86.4282724894257,claims
90,2,hgb_lags,92.0,92.08218379150236,claims
90,3,hgb_lags,101.0,93.5328063951918,claims
90,4,hgb_lags,91.0,98.88129917409807,claims
90,1,ensemble,93.0,78.3011807572889,claims
90,2,ensemble,92.0,87.1814195123905,claims
90,3,ensemble,101.0,93.64315170204898,claims
90,4,ensemble,91.0,95.16398743844458,claims
91,1,naive,92.0,93.0,claims
91,2,naive,101.0,93.0,claims
91,3,naive,91.0,93.0,claims
91,4,naive,79.0,93.0,claims
91,1,seasonal_naive,92.0,82.0,claims
91,2,seasonal_naive,101.0,95.0,claims
91,3,seasonal_naive,91.0,95.0,claims
91,4,seasonal_naive,79.0,83.0,claims
91,1,moving_avg_4w,92.0,88.75,claims
91,2,moving_avg_4w,101.0,88.75,claims
91,3,moving_avg_4w,91.0,88.75,claims
91,4,moving_avg_4w,79.0,88.75,claims
91,1,holt_damped,92.0,89.55997610680087,claims
91,2,holt_damped,101.0,89.501571796405,claims
91,3,holt_damped,91.0,89.4434595075611,claims
91,4,holt_damped,79.0,89.38563778016142,claims
91,1,ridge_fourier,92.0,92.37842957640547,claims
91,2,ridge_fourier,101.0,91.96398447813006,claims
91,3,ridge_fourier,91.0,95.70585444583743,claims
91,4,ridge_fourier,79.0,100.3056497619162,claims
91,1,hgb_lags,92.0,93.53156630456414,claims
91,2,hgb_lags,101.0,95.65857031990346,claims
91,3,hgb_lags,91.0,98.72203592759664,claims
91,4,hgb_lags,79.0,98.07119460325069,claims
91,1,ensemble,92.0,87.18921478820273,claims
91,2,ensemble,101.0,93.48199223906502,claims
91,3,ensemble,91.0,95.35292722291871,claims
91,4,ensemble,79.0,91.6528248809581,claims
92,1,naive,101.0,92.0,claims
92,2,naive,91.0,92.0,claims
92,3,naive,79.0,92.0,claims
92,4,naive,89.0,92.0,claims
92,1,seasonal_naive,101.0,95.0,claims
92,2,seasonal_naive,91.0,95.0,claims
92,3,seasonal_naive,79.0,83.0,claims
92,4,seasonal_naive,89.0,113.0,claims
92,1,moving_avg_4w,101.0,93.0,claims
92,2,moving_avg_4w,91.0,93.0,claims
92,3,moving_avg_4w,79.0,93.0,claims
92,4,moving_avg_4w,89.0,93.0,claims
92,1,holt_damped,101.0,90.35443917139422,claims
92,2,holt_damped,91.0,90.30274707946963,claims
92,3,holt_damped,79.0,90.25131344800465,claims
92,4,holt_damped,89.0,90.20013698469701,claims
92,1,ridge_fourier,101.0,91.95607042905323,claims
92,2,ridge_fourier,91.0,95.72857993805661,claims
92,3,ridge_fourier,79.0,100.293090699057,claims
92,4,ridge_fourier,89.0,102.38280213211638,claims
92,1,hgb_lags,101.0,94.62728229502302,claims
92,2,hgb_lags,91.0,98.79384131552841,claims
92,3,hgb_lags,79.0,98.21052447655448,claims
92,4,hgb_lags,89.0,105.45358326811244,claims
92,1,ensemble,101.0,93.47803521452661,claims
92,2,ensemble,91.0,95.3642899690283,claims
92,3,ensemble,79.0,91.64654534952851,claims
92,4,ensemble,89.0,107.69140106605819,claims
93,1,naive,91.0,101.0,claims
93,2,naive,79.0,101.0,claims
93,3,naive,89.0,101.0,claims
93,4,naive,96.0,101.0,claims
93,1,seasonal_naive,91.0,95.0,claims
93,2,seasonal_naive,79.0,83.0,claims
93,3,seasonal_naive,89.0,113.0,claims
93,4,seasonal_naive,96.0,84.0,claims
93,1,moving_avg_4w,91.0,95.75,claims
93,2,moving_avg_4w,79.0,95.75,claims
93,3,moving_avg_4w,89.0,95.75,claims
93,4,moving_avg_4w,96.0,95.75,claims
93,1,holt_damped,91.0,94.04721678763164,claims
93,2,holt_damped,79.0,94.02259495111001,claims
93,3,holt_damped,89.0,93.99809622377099,claims
93,4,holt_damped,96.0,93.97371999006864,claims
93,1,ridge_fourier,91.0,95.73700771220561,claims
93,2,ridge_fourier,79.0,99.84768981885385,claims
93,3,ridge_fourier,89.0,102.91415498999909,claims
93,4,ridge_fourier,96.0,103.21107959797587,claims
93,1,hgb_lags,91.0,103.6947816589165,claims
93,2,hgb_lags,79.0,105.03850650931435,claims
93,3,hgb_lags,89.0,106.47286675375777,claims
93,4,hgb_lags,96.0,106.83274041738552,claims
93,1,ensemble,91.0,95.3685038561028,claims
93,2,ensemble,79.0,91.42384490942692,claims
93,3,ensemble,89.0,107.95707749499954,claims
93,4,ensemble,96.0,93.60553979898793,claims
94,1,naive,79.0,91.0,claims
94,2,naive,89.0,91.0,claims
94,3,naive,96.0,91.0,claims
94,4,naive,115.0,91.0,claims
94,1,seasonal_naive,79.0,83.0,claims
94,2,seasonal_naive,89.0,113.0,claims
94,3,seasonal_naive,96.0,84.0,claims
94,4,seasonal_naive,115.0,111.0,claims
94,1,moving_avg_4w,79.0,94.25,claims
94,2,moving_avg_4w,89.0,94.25,claims
94,3,moving_avg_4w,96.0,94.25,claims
94,4,moving_avg_4w,115.0,94.25,claims
94,1,holt_damped,79.0,92.94318310402764,claims
94,2,holt_damped,89.0,92.91090967840782,claims
94,3,holt_damped,96.0,92.87879761991609,claims
94,4,holt_damped,115.0,92.84684612171682,claims
94,1,ridge_fourier,79.0,99.85785181040056,claims
94,2,ridge_fourier,89.0,103.18514861879922,claims
94,3,ridge_fourier,96.0,102.91790982196845,claims
94,4,ridge_fourier,115.0,106.90568909796785,claims
94,1,hgb_lags,79.0,97.44441416322034,claims
94,2,hgb_lags,89.0,101.93052022851109,claims
94,3,hgb_lags,96.0,102.45858450418613,claims
94,4,hgb_lags,115.0,107.95994790936227,claims
94,1,ensemble,79.0,91.42892590520029,claims
94,2,ensemble,89.0,108.09257430939961,claims
94,3,ensemble,96.0,93.45895491098423,claims
94,4,ensemble,115.0,108.95284454898393,claims
95,1,naive,89.0,79.0,claims
95,2,naive,96.0,79.0,claims
95,3,naive,115.0,79.0,claims
95,4,naive,98.0,79.0,claims
95,1,seasonal_naive,89.0,113.0,claims
95,2,seasonal_naive,96.0,84.0,claims
95,3,seasonal_naive,115.0,111.0,claims
95,4,seasonal_naive,98.0,113.0,claims
95,1,moving_avg_4w,89.0,90.75,claims
95,2,moving_avg_4w,96.0,90.75,claims
95,3,moving_avg_4w,115.0,90.75,claims
95,4,moving_avg_4w,98.0,90.75,claims
95,1,holt_damped,89.0,88.14304744548927,claims
95,2,holt_damped,96.0,88.07812188338698,claims
95,3,holt_damped,115.0,88.01352094909521,claims
95,4,holt_damped,98.0,87.94924301947489,claims
95,1,ridge_fourier,89.0,103.15455509689805,claims
95,2,ridge_fourier,96.0,104.06207716153389,claims
95,3,ridge_fourier,115.0,105.76488356884522,claims
95,4,ridge_fourier,98.0,108.66478146158681,claims
95,1,hgb_lags,89.0,102.15938993363567,claims
95,2,hgb_lags,96.0,102.55097533002011,claims
95,3,hgb_lags,115.0,108.55155287318627,claims
95,4,hgb_lags,98.0,115.77542291920864,claims
95,1,ensemble,89.0,108.07727754844902,claims
95,2,ensemble,96.0,94.03103858076695,claims
95,3,ensemble,115.0,108.38244178442261,claims
95,4,ensemble,98.0,110.8323907307934,claims
96,1,naive,96.0,89.0,claims
96,2,naive,115.0,89.0,claims
96,3,naive,98.0,89.0,claims
96,4,naive,105.0,89.0,claims
96,1,seasonal_naive,96.0,84.0,claims
96,2,seasonal_naive,115.0,111.0,claims
96,3,seasonal_naive,98.0,113.0,claims
96,4,seasonal_naive,105.0,108.0,claims
96,1,moving_avg_4w,96.0,90.0,claims
96,2,moving_avg_4w,115.0,90.0,claims
96,3,moving_avg_4w,98.0,90.0,claims
96,4,moving_avg_4w,105.0,90.0,claims
96,1,holt_damped,96.0,88.36914463235978,claims
96,2,holt_damped,115.0,88.30640818441015,claims
96,3,holt_damped,98.0,88.24398541870028,claims
96,4,holt_damped,105.0,88.18187476681895,claims
96,1,ridge_fourier,96.0,103.42953471787301,claims
96,2,ridge_fourier,115.0,106.6551641704819,claims
96,3,ridge_fourier,98.0,108.04575028645752,claims
96,4,ridge_fourier,105.0,105.04428507103914,claims
96,1,hgb_lags,96.0,100.69490000012794,claims
96,2,hgb_lags,115.0,105.80210181437833,claims
96,3,hgb_lags,98.0,112.78432589470559,claims
96,4,hgb_lags,105.0,103.6108692989226,claims
96,1,ensemble,96.0,93.71476735893651,claims
96,2,ensemble,115.0,108.82758208524095,claims
96,3,ensemble,98.0,110.52287514322876,claims
96,4,ensemble,105.0,106.52214253551958,claims
97,1,naive,115.0,96.0,claims
97,2,naive,98.0,96.0,claims
97,3,naive,105.0,96.0,claims
97,4,naive,112.0,96.0,claims
97,1,seasonal_naive,115.0,111.0,claims
97,2,seasonal_naive,98.0,113.0,claims
97,3,seasonal_naive,105.0,108.0,claims
97,4,seasonal_naive,112.0,112.0,claims
97,1,moving_avg_4w,115.0,88.75,claims
97,2,moving_avg_4w,98.0,88.75,claims
97,3,moving_avg_4w,105.0,88.75,claims
97,4,moving_avg_4w,112.0,88.75,claims
97,1,holt_damped,115.0,90.88594530294591,claims
97,2,holt_damped,98.0,90.83982633884912,claims
97,3,holt_damped,105.0,90.79393796957282,claims
97,4,holt_damped,112.0,90.7482790421429,claims
97,1,ridge_fourier,115.0,105.97777003791556,claims
97,2,ridge_fourier,98.0,108.29276435822312,claims
97,3,ridge_fourier,105.0,104.85189972980017,claims
97,4,ridge_fourier,112.0,103.63955390675673,claims
97,1,hgb_lags,115.0,102.94805711170962,claims
97,2,hgb_lags,98.0,109.14058189244919,claims
97,3,hgb_lags,105.0,103.62363689635471,claims
97,4,hgb_lags,112.0,103.94380397927831,claims
97,1,ensemble,115.0,108.48888501895777,claims
97,2,ensemble,98.0,110.64638217911155,claims
97,3,ensemble,105.0,106.42594986490008,claims
97,4,ensemble,112.0,107.81977695337837,claims
98,1,naive,98.0,115.0,claims
98,2,naive,105.0,115.0,claims
98,3,naive,112.0,115.0,claims
98,4,naive,123.0,115.0,claims
98,1,seasonal_naive,98.0,113.0,claims
98,2,seasonal_naive,105.0,108.0,claims
98,3,seasonal_naive,112.0,112.0,claims
98,4,seasonal_naive,123.0,108.0,claims
98,1,moving_avg_4w,98.0,94.75,claims
98,2,moving_avg_4w,105.0,94.75,claims
98,3,moving_avg_4w,112.0,94.75,claims
98,4,moving_avg_4w,123.0,94.75,claims
98,1,holt_damped,98.0,99.07803963000548,claims
98,2,holt_damped,105.0,99.0753607599241,claims
98,3,holt_damped,112.0,99.07275076979612,claims
98,4,holt_damped,123.0,99.07020788855843,claims
98,1,ridge_fourier,98.0,109.10322423563487,claims
98,2,ridge_fourier,105.0,104.5861638492724,claims
98,3,ridge_fourier,112.0,103.81811792912988,claims
98,4,ridge_fourier,123.0,99.80362586498802,claims
98,1,hgb_lags,98.0,115.73234628812618,claims
98,2,hgb_lags,105.0,111.22442549945093,claims
98,3,hgb_lags,112.0,111.03418824131977,claims
98,4,hgb_lags,123.0,102.93526401815785,claims
98,1,ensemble,98.0,111.05161211781743,claims
98,2,ensemble,105.0,106.2930819246362,claims
98,3,ensemble,112.0,107.90905896456493,claims
98,4,ensemble,123.0,103.90181293249401,claims
99,1,naive,105.0,98.0,claims
99,2,naive,112.0,98.0,claims
99,3,naive,123.0,98.0,claims
99,4,naive,114.0,98.0,claims
99,1,seasonal_naive,105.0,108.0,claims
99,2,seasonal_naive,112.0,112.0,claims
99,3,seasonal_naive,123.0,108.0,claims
99,4,seasonal_naive,114.0,96.0,claims
99,1,moving_avg_4w,105.0,99.5,claims
99,2,moving_avg_4w,112.0,99.5,claims
99,3,moving_avg_4w,123.0,99.5,claims
99,4,moving_avg_4w,114.0,99.5,claims
99,1,holt_damped,105.0,98.96708955914276,claims
99,2,holt_damped,112.0,99.363075755068,claims
99,3,holt_damped,123.0,99.67986471180818,claims
99,4,holt_damped,114.0,99.93329587720032,claims
99,1,ridge_fourier,105.0,103.97111932517743,claims
99,2,ridge_fourier,112.0,104.31817984631333,claims
99,3,ridge_fourier,123.0,99.70779662244813,claims
99,4,ridge_fourier,114.0,104.08569212953917,claims
99,1,hgb_lags,105.0,107.86459838275744,claims
99,2,hgb_lags,112.0,106.82965273510459,claims
99,3,hgb_lags,123.0,98.26285003518711,claims
99,4,hgb_lags,114.0,92.1172290560454,claims
99,1,ensemble,105.0,105.98555966258871,claims
99,2,ensemble,112.0,108.15908992315667,claims
99,3,ensemble,123.0,103.85389831122407,claims
99,4,ensemble,114.0,100.04284606476958,claims
100,1,naive,112.0,105.0,claims
100,2,naive,123.0,105.0,claims
100,3,naive,114.0,105.0,claims
100,4,naive,107.0,105.0,claims
100,1,seasonal_naive,112.0,112.0,claims
100,2,seasonal_naive,123.0,108.0,claims
100,3,seasonal_naive,114.0,96.0,claims
100,4,seasonal_naive,107.0,81.0,claims
100,1,moving_avg_4w,112.0,103.5,claims
100,2,moving_avg_4w,123.0,103.5,claims
100,3,moving_avg_4w,114.0,103.5,claims
100,4,moving_avg_4w,107.0,103.5,claims
100,1,holt_damped,112.0,101.26564615979301,claims
100,2,holt_damped,123.0,101.69604934314603,claims
100,3,holt_damped,114.0,102.04037188982852,claims
100,4,holt_damped,107.0,102.31582992717456,claims
100,1,ridge_fourier,112.0,104.34736843119273,claims
100,2,ridge_fourier,123.0,99.66845804782356,claims
100,3,ridge_fourier,114.0,104.15226000355027,claims
100,4,ridge_fourier,107.0,104.26041366135348,claims
100,1,hgb_lags,112.0,103.34964480698552,claims
100,2,hgb_lags,123.0,96.26988658704633,claims
100,3,hgb_lags,114.0,86.86829080426729,claims
100,4,hgb_lags,107.0,83.71634781787316,claims
100,1,ensemble,112.0,108.17368421559637,claims
100,2,ensemble,123.0,103.83422902391177,claims
100,3,ensemble,114.0,100.07613000177514,claims
100,4,ensemble,107.0,92.63020683067674,claims
